uri,cid,author_did,author_handle,author_display_name,author_followers,author_following,author_posts,text,created_at,reply_count,repost_count,like_count,quote_count,hashtags,mentions,urls,has_image,has_video,has_external,image_count,is_reply,language,source,reply_count_actual,thread_depth
at://did:plc:26cjznlx2osyiwkq6yh7qj77/app.bsky.feed.post/3m32cbkb6e22b,bafyreic6cduihk6nezs4g7uu4kemjfknln2fzwuyo66ucsbkjinzo62t2q,did:plc:26cjznlx2osyiwkq6yh7qj77,flemtheparrot.bsky.social,Frostbitten Flamingo,0,0,0,Morning.,2025-10-13T03:42:37.802Z,37,159,1261,9,[],[],[],True,False,False,1,False,en,popular_feed,34.0,2.0
at://did:plc:2w45zyhuklwihpdc7oj3mi63/app.bsky.feed.post/3m2zjk6beiu2a,bafyreidlupdbulheattuyskcln7ycwxdbzm4awkvh7zipwqsnnt7e4ufta,did:plc:2w45zyhuklwihpdc7oj3mi63,forbes.com,Forbes,0,0,0,Solar winds escaping from cooler regions of the sun could impact the aurora on Sunday night.,2025-10-12T20:20:03Z,22,268,1523,14,[],[],[],False,False,True,0,False,en,popular_feed,18.0,2.0
at://did:plc:27wdndxpjo7luivtese2za4e/app.bsky.feed.post/3m333xmrkjc22,bafyreibzlf32gecrw23zaa66e2wngaxsdvuhhp3d6lvgctmuhoxksezaqu,did:plc:27wdndxpjo7luivtese2za4e,traffickerg.bsky.social,„Åî„Çìü¶û,0,0,0,ÊåÅ„Å£„Å¶„Çã„Çà„ÄÅ„Éô„É´„É™„É≥„ÅÆÂ£Å„ÅÆ„Åã„Åë„Çâ„ÄÇ,2025-10-13T11:22:22.263Z,1,14,81,0,[],[],[],True,False,False,1,False,ja,popular_feed,1.0,1.0
at://did:plc:7exlcsle4mjfhu3wnhcgizz6/app.bsky.feed.post/3m2zl7rg73z2m,bafyreid3ggweejzy24lmgqwejp2oeirzuq6ewkkmp3mwgtoe7t5m3tcfhy,did:plc:7exlcsle4mjfhu3wnhcgizz6,theverge.com,The Verge,0,0,0,Marvel‚Äôs details upcoming slate of shows at New York Comic Con,2025-10-12T20:50:01.026Z,1,4,30,2,[],[],[],False,False,True,0,False,,popular_feed,,
at://did:plc:2aylwwoxvcrohglyve4hzlaz/app.bsky.feed.post/3m32wockrik2n,bafyreidjfs2zf7nrfhalcuyowvn4xdztxn7445f2th5edgf7f7ytermbda,did:plc:2aylwwoxvcrohglyve4hzlaz,privilegienschreck.bsky.social,Mirja N,0,0,0,"Ich hab's √ºbrigens auch in den Text von @paulschuberth.bsky.social geschafft. Vielen Dank!

Kauft ""Die verdr√§ngte Pandemie ‚Äì Linke Stimmen gegen Pandemierevisionismus"": 

gegenpandemierevisionismus.com",2025-10-13T09:47:40.856Z,3,11,58,3,[],"[""did:plc:wbehvhgf7chbnlfaxhjaqaxk""]","[""https://gegenpandemierevisionismus.com""]",True,False,False,1,False,de,popular_feed,,
at://did:plc:a67zdrt4nl2tv2qojpngogbq/app.bsky.feed.post/3m2zigr2gkl2t,bafyreid7bladl27xpqs7ikisadc6glwugm3minr7detsvf7i4rxvhujvzm,did:plc:a67zdrt4nl2tv2qojpngogbq,apnews.com,The Associated Press,0,0,0,"A nor'easter is churning up the East Coast, prompting New Jersey to declare a state of emergency. Another storm has struck farther south with some heavy rain and flooding.",2025-10-12T20:00:14Z,8,25,84,4,[],[],[],False,False,True,0,False,,popular_feed,8.0,1.0
at://did:plc:27hculg6bmdbi47xcarxczbf/app.bsky.feed.post/3m333ai5h722b,bafyreidda4i72mbnl6gnt5t3ywwoxh3yxpsptcvgh4oqy6vieke56lg4ii,did:plc:27hculg6bmdbi47xcarxczbf,rafelangston.com,Ratt,0,0,0,"The rumble of a massive diesel engine and the hiss of air brakes mix with the chatter of people crossing over these rarely used tracks on their way to catch a train being prepped to depart from a nearby platform.
üè∑Ô∏è #EastCoastKin #Photography #Railroad #SensoryArt #Trains #Transportation #Weathered",2025-10-13T11:09:25.659Z,1,0,16,0,"[""EastCoastKin"", ""Photography"", ""Railroad"", ""SensoryArt"", ""Trains"", ""Transportation"", ""Weathered""]",[],[],True,False,False,1,False,en,popular_feed,,
at://did:plc:223hjeafjnuiwwtsag3ludbc/app.bsky.feed.post/3m2zoo74eas2o,bafyreifsimbt6547nhosm34q4skmo7cq3cdzt7fjcnkxcp4brotjpstso4,did:plc:223hjeafjnuiwwtsag3ludbc,matthewtak.bsky.social,Matthew Tak,0,0,0,"#DailySketch: Shredded

#inktober #inktober2025 #art #illustration #drawing",2025-10-12T21:51:47.560Z,35,73,958,2,"[""DailySketch"", ""inktober"", ""inktober2025"", ""art"", ""illustration"", ""drawing""]",[],[],True,False,False,1,False,en,popular_feed,30.0,1.0
at://did:plc:23ect4wm5cecl3cyqh4bfpvm/app.bsky.feed.post/3m32dz7j7dc2m,bafyreidv2ejp3upsmuygonu5q7zfb7hdclv5t2xnaugxrchtdou5j5aknu,did:plc:23ect4wm5cecl3cyqh4bfpvm,left-handed-jedi.bsky.social,Left-Handed Jedi,0,0,0,"Alien Titan 

#aiart #synthart #sci-fi #titan #otherworldly",2025-10-13T04:13:45.662Z,10,8,140,1,"[""aiart"", ""synthart"", ""sci-fi"", ""titan"", ""otherworldly""]",[],[],True,False,False,1,False,en,popular_feed,10.0,1.0
at://did:plc:3hc2koi3insgd6izhggv7frw/app.bsky.feed.post/3m32a6xpisk2a,bafyreihttsvmj3sosf5q7jdykv3lwekbx6tvoxpqso3cj72bz6is2f7uye,did:plc:3hc2koi3insgd6izhggv7frw,thedeerwhisperer.bsky.social,ü¶å The Deer Whisperer ü¶å,0,0,0,"Good night, Bluesky!

First snow of the season in the Cascades today.
üì∏Sean Wheels",2025-10-13T03:05:23.832Z,4,6,55,0,[],[],[],True,False,False,1,False,en,popular_feed,,
at://did:plc:25mt2mdfzeabxljcq32hns5t/app.bsky.feed.post/3m2zzthb7os2n,bafyreiemdlka7z7mlgkv5uff6o57xjfv4lzjhayrdegn45o4dvlkq4ppb4,did:plc:25mt2mdfzeabxljcq32hns5t,yellowjackinit.bsky.social,üîûYellowJackinitüîû,0,0,0,Piece for a Mysterious Benefactor (Circa early 2025),2025-10-13T01:11:35.003Z,0,7,131,1,[],[],[],True,False,False,1,False,en,popular_feed,0.0,0.0
at://did:plc:246s7yeo7r3ivt76tdqitkrp/app.bsky.feed.post/3m32mdvjy5k25,bafyreidwxnopimy64cl6rf2m4xeqevgg6sjz6we7pnorknv3rmsucgppyy,did:plc:246s7yeo7r3ivt76tdqitkrp,beardedwalker.bsky.social, Michael Grolys üá±üáπ üá∫üá¶ üêï üêæ,0,0,0,"A lovely start to the day in the Eden Valley in Cumbria

#landscapephotography 
#UK
#Cumbria
#sunrise",2025-10-13T06:42:54.226Z,1,3,32,0,"[""landscapephotography"", ""UK"", ""Cumbria"", ""sunrise""]",[],[],True,False,False,1,False,en,popular_feed,,
at://did:plc:25zgnsy7dl46d2d34wb5cony/app.bsky.feed.post/3m32ajtdenl2q,bafyreiczgenlhcrojp6ooqar22d2a4n5ewk5sbynksnmvpi3ch2a6aswxy,did:plc:25zgnsy7dl46d2d34wb5cony,zenofdesign.com,Damion Schubert,0,0,0,"I can‚Äôt believe we‚Äôre like a decade into the streaming revolution and I still can‚Äôt go to ESPN‚Äôs app to see highlights of the baseball playoff game of my choice.  

There‚Äôs an episode of Baseball Tonight I can watch‚Ä¶ from last Wednesday.",2025-10-13T03:11:28.263Z,51,30,634,2,[],[],[],False,False,False,0,False,en,popular_feed,49.0,6.0
at://did:plc:eclio37ymobqex2ncko63h4r/app.bsky.feed.post/3m2zhukrw3z2q,bafyreidog4hmzjjsi2s3nyu6w3x3qbrt73glh6zsz3zl26qr7drgyxsodm,did:plc:eclio37ymobqex2ncko63h4r,nytimes.com,The New York Times,0,0,0,"A slow-moving storm was working its way up the East Coast Sunday afternoon, bringing drenching rains, gusty winds and likely enough coastal flooding to inundate waterfront property and cause beach erosion.",2025-10-12T19:50:04.880514Z,3,15,50,0,[],[],[],False,False,True,0,False,,popular_feed,,
at://did:plc:i3fhjvvkbmirhyu4aeihhrnv/app.bsky.feed.post/3m2zhusbrkn2b,bafyreidf7jfjlfoncvfhc7cynb7i4z7wqzcjjvbmml7u4zzvepae3xonqa,did:plc:i3fhjvvkbmirhyu4aeihhrnv,wsj.com,The Wall Street Journal,0,0,0,"Among the last actions by former President Joe Biden before leaving the Oval Office was commuting the death sentences of 37 convicted murderers.

Hours after President Trump took over, he ordered the life sentences of these men be made, in effect, a living hell.

Read more: on.wsj.com/3W2PcUf",2025-10-12T19:50:12.523567Z,3,7,17,1,[],[],"[""https://on.wsj.com/3W2PcUf""]",True,False,False,1,False,,popular_feed,,
at://did:plc:223xmbonln2z6txstz6xfexd/app.bsky.feed.post/3m2znxqabfc2k,bafyreidxbyqlkcgnlp5pjbdanwv6ekykcmdcztu54nqnbrwozujs6sqwpu,did:plc:223xmbonln2z6txstz6xfexd,gingercatdusty.bsky.social,Ginger Cat Dusty,0,0,0,Welcome to mine fav spot under the coffee table where hoomom would keep magazines & stuff if it didn't belong to me. Hope you had a good day. Heading off for snuggles soon. Sleep well. Be ready for whatever comes at you during the coming week. Stay safe. Hugs üí§üíôüí§,2025-10-12T21:39:13.750Z,56,176,3382,6,[],[],[],True,False,False,1,False,en,popular_feed,51.0,3.0
at://did:plc:27bqb2cv5cnadhr2cbh62n7b/app.bsky.feed.post/3m33bbcfda22w,bafyreifvdpegxitcmgxzzfmigsq7cffveu5z35umhsxnod5jb5ohilxeoe,did:plc:27bqb2cv5cnadhr2cbh62n7b,olambrillas.bsky.social,OLAMBRILLAS ,0,0,0,"Collage #1313
T√≠tere",2025-10-13T12:57:15.609Z,1,2,13,0,[],[],[],True,False,False,1,False,en,popular_feed,,
at://did:plc:2dsxvrewlaxzxvsr2uez5qsm/app.bsky.feed.post/3m326itnxmk2d,bafyreicwzcxzldzlote4t3dicccxxscbipuh2oi6zgjv2exrieg6x3oadq,did:plc:2dsxvrewlaxzxvsr2uez5qsm,denisewong.bsky.social,Denise Wong,0,0,0,"The beautiful Lake Como has inspired me to paint in both rain and sunshine. My thoughts are with the people in the Province of Como, Italy where thousands of homes have suffered serious damage due to the recent flood and landslides.

#LakeComo #Italy #PrayingForComo #NoFlood #TackleClimateChange",2025-10-13T02:35:07.662Z,1,3,52,0,"[""LakeComo"", ""Italy"", ""PrayingForComo"", ""NoFlood"", ""TackleClimateChange""]",[],[],False,True,False,0,False,en,popular_feed,,
at://did:plc:2kc35ed4lpnktlyamndh6pwr/app.bsky.feed.post/3m2zrddgw4k2b,bafyreihvyfv2ukrexmvjzz6k42j7hwrv3v4s2e7mtv2352wxuyqokuggjq,did:plc:2kc35ed4lpnktlyamndh6pwr,techpyon.com,„Çµ„Ç§„Éê„ÉºÈÖî„Å£Êâï„ÅÑ „Åã„Åà„Çã„ÄÄCyber drunkard FROGüç∫,0,0,0,"„Åä„ÅØ„Çà„ÅÜBluesky

#AIart",2025-10-12T22:39:24.221Z,2,13,116,0,"[""AIart""]",[],[],True,False,False,1,False,ja,popular_feed,2.0,2.0
at://did:plc:263v334x6j4o7s6ubcs64nvw/app.bsky.feed.post/3m2zobe3oj22a,bafyreibee5gnsxr6h3jqy4beclhd2hflw465l6zto5bw2m4ag475iugdeq,did:plc:263v334x6j4o7s6ubcs64nvw,searambo.bsky.social,Christine,0,0,0,"Would like to speak to the manager. 
#dogsofbluesky",2025-10-12T21:44:36.578Z,6,124,2072,0,"[""dogsofbluesky""]",[],[],True,False,False,1,False,en,popular_feed,6.0,3.0
at://did:plc:24i77q6os2bpl6jvn2zxrvf5/app.bsky.feed.post/3m337jyjdo22x,bafyreich7bhgjzv4psu2yakhcvgl42j7vdvfkxrq7wmwwtcjilczm3dgbm,did:plc:24i77q6os2bpl6jvn2zxrvf5,darlow.bsky.social,Vanit√©,0,0,0,"Baltic sea
Latvia üá±üáª",2025-10-13T12:26:19.743Z,2,6,62,0,[],[],[],True,False,False,1,False,fr,popular_feed,,
at://did:plc:3ik76c7gcrnexkz3xivcaqey/app.bsky.feed.post/3m33drm6tv22q,bafyreif2qjlruoq32yrcit43lmawapgmeebookqnqy6sadrn4uubmszh7m,did:plc:3ik76c7gcrnexkz3xivcaqey,friendshipdave.wtf,‚ú®friendship dave‚ú®(this space for rent)üì∏,0,0,0,!,2025-10-13T13:42:10.248Z,0,1,6,0,[],[],[],True,False,False,1,False,en,popular_feed,,
at://did:plc:2cgvoarixmr367a7a4rqpr5k/app.bsky.feed.post/3m2zjrhfpc22v,bafyreibylbk2jfnovzb5u36jl7vzft2m45usymnfqv4x7rb3uu6mxxvcpe,did:plc:2cgvoarixmr367a7a4rqpr5k,comicprintinguk.bsky.social,cpuk (trampoline park connoisseur and occasional comic printer),0,0,0,"I like Stephen King‚Äôs short story ‚ÄúThe Jaunt‚Äù a lot, but I think it ought to be classed as a novella really. It‚Äôs longer than you think.",2025-10-12T20:24:08.225Z,65,67,703,5,[],[],[],False,False,False,0,False,en,popular_feed,64.0,5.0
at://did:plc:k4jt6heuiamymgi46yeuxtpt/app.bsky.feed.post/3m2zvtstxmd2h,bafyreieyikk33wz7i3c2qnoc2j3nq5vb2xhtd6zvybelnpd2qak6un3hxq,did:plc:k4jt6heuiamymgi46yeuxtpt,propublica.org,ProPublica,0,0,0,"An EPA report found that the forever chemical PFNA interferes with human development and likely causes damage to the liver and male reproductive systems.

The agency has sat on the report for months. ‚ÄúScientifically, it was done,‚Äù said one scientist.

By @fastlerner.bsky.social",2025-10-13T00:00:12.199953232Z,24,401,726,26,[],"[""did:plc:clre7utub6jjtszuvbsgjiae""]",[],False,False,True,0,False,,popular_feed,24.0,2.0
at://did:plc:2kkt4cisjdnysfuhkwfejbab/app.bsky.feed.post/3m32ctafouk22,bafyreiasvpolv23prpcj3uybmxtzqec6j4jriv7kqp6dkcav2wwnydvrpu,did:plc:2kkt4cisjdnysfuhkwfejbab,askylitocean.bsky.social, ivy,0,0,0,,2025-10-13T03:52:31.530Z,2,30,396,0,[],[],[],True,False,False,1,False,en,popular_feed,2.0,2.0
at://did:plc:266u4klp2t6yuhjqeh5dluda/app.bsky.feed.post/3m2zzrfm4dk2c,bafyreie5uquige6zx7joumlsrm2x57gagtsy3qajksnawafizeutzs4lda,did:plc:266u4klp2t6yuhjqeh5dluda,zombieernie.bsky.social,Zombie Ernie has a skeleton under there,0,0,0,"She's 11 this year.

I dont like to think about not having her around. 

But I just did and now im sad.",2025-10-13T01:10:26.175Z,65,42,1072,5,[],[],[],True,False,False,1,False,en,popular_feed,63.0,3.0
at://did:plc:3lu5e4oiqgel7uu4qzrrranp/app.bsky.feed.post/3m33dhntsjs2x,bafyreif35kncaohkwaoemaiwnv2l3snyv35jihccdcu47n6kct4zogbr24,did:plc:3lu5e4oiqgel7uu4qzrrranp,kschafferphoto.bsky.social,Kevin Schaffer,0,0,0,"One of those ""how did the manage to do that"" scenes... Taken while exploring around Creede, Colorado earlier this month.

Nikon Z9, Z 24-70mm S lens at 70mm (DX crop on), f2.8, ISO100, 1/1600 second",2025-10-13T13:36:36.456Z,0,0,6,0,[],[],[],True,False,False,1,False,en,popular_feed,,
at://did:plc:3t2cpl7s4sorunpufmmz2adu/app.bsky.feed.post/3m332yh332k24,bafyreiblr5qcpsdnjqx4wwnzk5lsfs2pw2f6yh25pkf2ipjsnlaujcbyhi,did:plc:3t2cpl7s4sorunpufmmz2adu,bronxbirds.bsky.social,Conor,0,0,0,Pileated Woodpecker this weekend camping in Pennsylvania #birds #nikon,2025-10-13T11:04:56.085Z,14,28,491,2,"[""birds"", ""nikon""]",[],[],True,False,False,1,False,en,popular_feed,13.0,2.0
at://did:plc:k5nskatzhyxersjilvtnz4lh/app.bsky.feed.post/3m2zigo5ix22u,bafyreia7altf5n34qykgvlypnhnd3s5glru4isjeyuxdlqxzscei5rti4u,did:plc:k5nskatzhyxersjilvtnz4lh,washingtonpost.com,The Washington Post,0,0,0,"One of the world‚Äôs most important nature groups is weighing a call for a temporary ban on allowing genetically engineered plants or animals, such as canines edited to appear like extinct ‚Äúdire wolves,‚Äù from being released into the wild. ",2025-10-12T20:00:12.416869555Z,8,14,63,9,[],[],[],False,False,True,0,False,,popular_feed,,
at://did:plc:2l7yecagdoswffsjpsqua4fp/app.bsky.feed.post/3m32yqcc5m22k,bafyreieh6yk7vhlgg67svgmrh46fmmg57kmsxh2gxefpxsypg2r5gf4nc4,did:plc:2l7yecagdoswffsjpsqua4fp,tobyfoxart.bsky.social,Toby Fox,0,0,0,"Lost Leviathan, my seventh piece for #Octoby2025 üóªüêâ

High in the mountains a great sea dragon drifts through the clouds, a young witch and her familiar pause to watch 
#octoby",2025-10-13T10:24:35.155Z,6,39,162,0,"[""Octoby2025"", ""octoby""]",[],[],True,False,False,1,False,en,popular_feed,6.0,3.0
at://did:plc:2cz6x3e7thlqjc5cxa2hnbsn/app.bsky.feed.post/3m33bh65kvk2k,bafyreidknfruu5azqcbrs323nsbvsyl2hma4osj6jfbeti2tudvm5a4yey,did:plc:2cz6x3e7thlqjc5cxa2hnbsn,uncleduke1969.bsky.social,Uncle Duke,0,0,0,Arthur just couldn‚Äôt quite get used to working from home.,2025-10-13T13:00:32.514Z,4,48,284,2,[],[],[],True,False,False,1,False,en,popular_feed,4.0,1.0
at://did:plc:2buz4gf5sew3rdwzbxsvcd4s/app.bsky.feed.post/3m326onwxl22r,bafyreiev4t5jskeo6dpkav27k2mzyki6apcs6mhpkeak55cznfhr7ootjq,did:plc:2buz4gf5sew3rdwzbxsvcd4s,minakimes.bsky.social,Mina Kimes,0,0,0,Chiefs got the Lions backers in hell tonight,2025-10-13T02:38:22.996Z,27,17,419,6,[],[],[],False,False,False,0,False,en,popular_feed,27.0,6.0
at://did:plc:46inhldixauneekgc7prj42f/app.bsky.feed.post/3m33alezg5k2h,bafyreiepstvukcwxzkmcjac4qk2km6lvihkpqnguejb2df76yoky3wpc7i,did:plc:46inhldixauneekgc7prj42f,theauthorguy.bsky.social,Christopher Moore,0,0,0,Stuff I saw today in Brataslava. Statue of a witch who changed her brothers into ravens. Bridge that looks like attack ship from War of the Worlds. Statue os a guy crawingnoit of the sewer,2025-10-13T12:45:00.189Z,1,0,38,0,[],[],[],True,False,False,4,False,en,popular_feed,,
at://did:plc:2mjivr4sknqib2szy7kmovih/app.bsky.feed.post/3m32kfa7us22b,bafyreicuutwrfufxpydfipsgxg4em6lcy27bgknt7n33blm3dyawyszjdq,did:plc:2mjivr4sknqib2szy7kmovih,lizetkruyff.bsky.social,Lizet Kruyff,0,0,0,"Good morning all! Brand new week, let's get started!

Lilla Cabot - Breakfast with Dog 

#art #food #breakfast",2025-10-13T06:07:51.518Z,4,8,99,1,"[""art"", ""food"", ""breakfast""]",[],[],True,False,False,1,False,en,popular_feed,4.0,5.0
at://did:plc:2dwxs24526yfvmydneeu63ea/app.bsky.feed.post/3m32q27wnok2f,bafyreiesgjlnn4brmnflvrhr65qmyuutphovgaxdqq5dklzgmes76efzim,did:plc:2dwxs24526yfvmydneeu63ea,pik-potsdam.bsky.social,PIK_climate,0,0,0,"Bleaching, Melting, Slowing: New Global Tipping Points report tracks growing risks of Earth system tipping points. It highlights mounting risks, from melting glaciers, ice fields to slowing ocean currents, ice sheets & rainforests under pressure.
www.pik-potsdam.de/en/news/late...",2025-10-13T07:49:04.512Z,18,244,706,22,[],[],"[""https://www.pik-potsdam.de/en/news/latest-news/files/bleaching-melting-slowing-new-report-tracks-growing-risks-of-earth-system-tipping-points-4""]",True,False,False,1,False,en,popular_feed,15.0,5.0
at://did:plc:2darfo36xds4oznvip7x2ux7/app.bsky.feed.post/3m2zzempchs22,bafyreia3m475wnikh2twjshl5jizmy37bpoiak3oqwuqrbq37yxxyl4awq,did:plc:2darfo36xds4oznvip7x2ux7,mollyknight.bsky.social,Molly Knight,0,0,0,It‚Äôs called multitasking. Women do it every day!!,2025-10-13T01:03:17.438Z,30,63,886,5,[],[],[],True,False,False,1,False,en,popular_feed,28.0,4.0
at://did:plc:2l5ibesuj6pwyhb5a33egqg6/app.bsky.feed.post/3m32yuw3ne22h,bafyreidzqh2uqrekf3t7s2o4awnqyenq2ainjyb55rnvjnzeuxkvdoh5za,did:plc:2l5ibesuj6pwyhb5a33egqg6,kockasfulunyul.bsky.social,Annie,0,0,0,"Tegnap cical√°togat√≥ban voltunk a bar√°tainkn√°l, n√©zz√©tek ezt a k√©t cukis√°gotüòª",2025-10-13T10:27:10.144Z,0,0,15,0,[],[],[],True,False,False,4,False,hu,popular_feed,,
at://did:plc:2gahntcyq6erf6ee5sosmwd2/app.bsky.feed.post/3m2zkjibq3p2z,bafyreichpkm6p4lm3vbk4csrfoynpqfnxt52tap22glrktmnjase7bgvwq,did:plc:2gahntcyq6erf6ee5sosmwd2,footrankings.bsky.social,Football Rankings,0,0,0,"‚ùå üá¨üá∑ Greece will NOT PLAY at the 2026 FIFA World Cup, as they were ELIMINATED in Group C tonight!

‚úÖ üá©üá∞ Denmark and üè¥Û†ÅßÛ†Å¢Û†Å≥Û†Å£Û†Å¥Û†Åø Scotland will finish in Top 2!

üìà üá©üá∞ Demark back to FIRST PLACE after a 3-1 win over over üá¨üá∑ Greece, improving their goal difference!",2025-10-12T20:37:34.285Z,0,1,2,0,[],[],[],True,False,False,1,False,,popular_feed,,
at://did:plc:4cx5n4ee2e33dghduopic6r3/app.bsky.feed.post/3m3376he57c2e,bafyreihlcuauh4rbzmqwecq7jiqn5t27ul7gs4d7gtl4crxt2lywm47cde,did:plc:4cx5n4ee2e33dghduopic6r3,affirmationcoyote.bsky.social,AffirmationCoyote.bsky.social,0,0,0,"Monday has never defeated you before, and it will not today.

Affirmation Coyote knows this.",2025-10-13T12:19:52.697Z,1,36,249,2,[],[],[],True,False,False,1,False,en,popular_feed,1.0,1.0
at://did:plc:4il7y7sfe62mmqpmqgadmz5r/app.bsky.feed.post/3m32qy2i7os2q,bafyreigq5cyeamhwuswvaj3nzy5wruchmyinn7vodegpynjv6j2ezqho6e,did:plc:4il7y7sfe62mmqpmqgadmz5r,miya1156.bsky.social,Miya115,0,0,0,"Today is a national holiday in Japan, so I went to the rose garden.

This afternoon..",2025-10-13T08:05:45.484Z,2,39,380,0,[],[],[],True,False,False,1,False,en,popular_feed,2.0,1.0
at://did:plc:ln72v57ivz2g46uqf4xxqiuh/app.bsky.feed.post/3m2zipervml2v,bafyreifdx3vicpndglo5q2bi5n4utep4rpfpdji2h7wq6fnjqlx7grjmae,did:plc:ln72v57ivz2g46uqf4xxqiuh,npr.org,NPR,0,0,0,"Gen Z protesters from Indonesia and Nepal to Madagascar and Morocco, are rallying behind an unexpected banner: a grinning skull in a straw hat.",2025-10-12T20:05:04.537132Z,14,181,697,39,[],[],[],False,False,True,0,False,,popular_feed,14.0,6.0
at://did:plc:2mthg53x3vqqtaauhcjbc2rj/app.bsky.feed.post/3m32bl6p6ys2v,bafyreifwq2skqgc6q5zv6i5tbrt2sypchtdymzjs5exhdlh7khmfe3m7qq,did:plc:2mthg53x3vqqtaauhcjbc2rj,witchcherryblossom.bsky.social,Cherryüå∏,0,0,0,"Guys, I think he might like him. Idk tho. Thoughts?
#oc #ocart #digitalart #originalcharacter #ocship #art #artist #digitalartist #drawing #painting #bl #yaoi",2025-10-13T03:30:07.567Z,2,2,37,0,"[""oc"", ""ocart"", ""digitalart"", ""originalcharacter"", ""ocship"", ""art"", ""artist"", ""digitalartist"", ""drawing"", ""painting"", ""bl"", ""yaoi""]",[],[],True,False,False,1,False,en,popular_feed,,
at://did:plc:2h5oj7dfciesiknuazc3s3mo/app.bsky.feed.post/3m322v6x2z62i,bafyreifbjzyhcxvnvz2ou6dco45sdge5tb6guyhvn73yuwicwzqgygxq7m,did:plc:2h5oj7dfciesiknuazc3s3mo,usatoday.com,USA TODAY,0,0,0,Jared Goff nearly caught a 1-yard touchdown on a trick play against the Chiefs. It was correctly nullified by an illegal shift.,2025-10-13T01:30:27Z,1,0,9,0,[],[],[],False,False,True,0,False,,popular_feed,,
at://did:plc:2e7lvnu4p5jarkwhwnfcn3di/app.bsky.feed.post/3m2zlzxyx6s2w,bafyreiabbhzx7e3hkyj2rtx23bqjdv25toari5fvjbe65gas7uhoredoga,did:plc:2e7lvnu4p5jarkwhwnfcn3di,findanopening.bsky.social,FindAnOpening,0,0,0,#Fall #Michigan #Landscape #Photography #LandscapePhotography #Nature #NaturePhotography #Natur,2025-10-12T21:04:41.514Z,0,29,409,0,"[""Fall"", ""Michigan"", ""Landscape"", ""Photography"", ""LandscapePhotography"", ""Nature"", ""NaturePhotography"", ""Natur""]",[],[],True,False,False,1,False,en,popular_feed,0.0,0.0
at://did:plc:2ekyevgqsdkcdnkmju42sug6/app.bsky.feed.post/3m2zs7vo45226,bafyreihk62nz3cyn25grleav77yi3h7472lbbleeudfkdko2y3kem5mnhy,did:plc:2ekyevgqsdkcdnkmju42sug6,pestilence4all.bsky.social,Pestilence,0,0,0,"Evening cometh
And daylight be taketh away.
#Photography #Minnesota",2025-10-12T22:55:22.868Z,2,9,58,0,"[""Photography"", ""Minnesota""]",[],[],True,False,False,1,False,en,popular_feed,,
at://did:plc:2pn34t2s2pdaoikmu7jftez5/app.bsky.feed.post/3m32bfgpcvc2i,bafyreiccfwzwugqhth4uodrzsj5qw7pjvqqdroga3mc7of3ozrbfollnoa,did:plc:2pn34t2s2pdaoikmu7jftez5,dhodgs.bsky.social,Dave the Milleneeyore,0,0,0,I've been thinking of my Grandma a lot lately. She would have loved this team so much and I'm sad that I can't go down to her house in Puyallup and watch playoff baseball with her in the same spot I did as a kid in 1995.,2025-10-13T03:26:54.642Z,2,0,20,0,[],[],[],False,False,False,0,False,en,popular_feed,,
at://did:plc:2fzgb3vfhuid2bkzzcrknw7v/app.bsky.feed.post/3m2zz44zzvk2u,bafyreiaodociedchfitxeas4srgrtclhvvmiortdcalmxabka3q5ixjmoe,did:plc:2fzgb3vfhuid2bkzzcrknw7v,sylviaichen.bsky.social,Sylvia Chen ‰ΩôÊÑõËéâ,0,0,0,"üåüü•¢ü•≥I adored signing copies of TRICKY CHOPSTICKS, handing out swag, giving chopsticks demos, running chopstick challenges, and chatting with fellow #Kidlit at the #WarwickBookFestival! Thanks ALL who organized, volunteered, and attended! 

@simonkids.bsky.social @fannyliem.bsky.social",2025-10-13T00:58:32.581Z,3,12,89,1,"[""Kidlit"", ""WarwickBookFestival""]","[""did:plc:w2nrptdruqfxa7nhlbwmxe4w"", ""did:plc:tistqzyvitrotb77um7gpwqo""]",[],False,True,False,0,False,en,popular_feed,3.0,1.0
at://did:plc:2oc6afk55odig73i2ns6od2s/app.bsky.feed.post/3m336bqr6js2d,bafyreidohmcifrt4bkfygxy5meietbkidv35htaa5etwcq6soulsf7crxi,did:plc:2oc6afk55odig73i2ns6od2s,leighloveday.bsky.social,Leigh Loveday,0,0,0,Important Void Baby update: one full year of chaos,2025-10-13T12:03:49.452Z,1,2,57,0,[],[],[],True,False,False,1,False,en,popular_feed,,
at://did:plc:2p6idfgjfe3easltiwmnofw6/app.bsky.feed.post/3m2znb6s6j227,bafyreiha5sbm5b5qduygbfeu5wdx77apo6nbqa34mwvvaeib536j5zjjpq,did:plc:2p6idfgjfe3easltiwmnofw6,jimmusilpainter.bsky.social,Jim Musil Painter,0,0,0,My painting SUNFLOWERS,2025-10-12T21:26:37.286Z,3,63,469,2,[],[],[],True,False,False,1,False,en,popular_feed,3.0,1.0
at://did:plc:2pijl4hy25qond3iwnn5feo7/app.bsky.feed.post/3m3274rtfcr2b,bafyreihimeejfmbzikyzv4ropmiafc4hoylw2l37ylrnl4zfwmhz2jfl7a,did:plc:2pijl4hy25qond3iwnn5feo7,bichinhos.bsky.social,Bichinhos Fofinhos pra quem ta cansado ,0,0,0,Corajoso ‚ù§Ô∏è,2025-10-13T02:46:18.454Z,4,16,224,1,[],[],[],True,False,False,1,False,pt,popular_feed,4.0,1.0
at://did:plc:4monngaerpuydlmue2ereiou/app.bsky.feed.post/3m33e5xbyws2z,bafyreiftqefnumtyfclzhddghj4qy7qjw5bjv7guei6ughcitrplejxdca,did:plc:4monngaerpuydlmue2ereiou,jimveg22.bsky.social,Jim Amos,0,0,0,"October Travel Photo A Day

The Elms, Newport RI

#travelphotography #travel #wanderlust #Blueskytravel #Newport #NewportMansions",2025-10-13T13:49:04.533Z,1,0,4,0,"[""travelphotography"", ""travel"", ""wanderlust"", ""Blueskytravel"", ""Newport"", ""NewportMansions""]",[],[],True,False,False,1,False,en,popular_feed,,
at://did:plc:2pt33h5dlbqf7sxewaprzhwk/app.bsky.feed.post/3m2zoe77pyc2n,bafyreifhsdjnerbi2kwcszetqgdba6s3ilezpgtencwxwsvwpaoo3w3qti,did:plc:2pt33h5dlbqf7sxewaprzhwk,brunopixels.bsky.social,bruno,0,0,0,"CARRANCA 
#pixelart",2025-10-12T21:46:12.140Z,14,236,1067,6,"[""pixelart""]",[],[],True,False,False,1,False,pt,popular_feed,14.0,2.0
at://did:plc:2q2x5aqsecgreqafqicqmdly/app.bsky.feed.post/3m2znudthgs22,bafyreigbojkfw4ttddrqmw2pruskahb6xj7r26hy3nbho3vw4emboucdqi,did:plc:2q2x5aqsecgreqafqicqmdly,shinobu084.bsky.social,Â§ßÊ©ã Âøç ‚îÇ Shinobu Ohashi,0,0,0,Âàá„ÇäÁµµ„ÄÄÈäÄ„ÅÆ„Å≤„Å®Èáù„ÇíÊä±„Åç,2025-10-12T21:37:20.102Z,0,10,65,0,[],[],[],True,False,False,1,False,ja,popular_feed,0.0,0.0
at://did:plc:332n3c4xnrzhhbyjhu7vpzjo/app.bsky.feed.post/3m2zqrcm6mi2g,bafyreifejqg7g3bcvveiwbuq7xvsi6xfu3zstgu5ba3m2bmljtoltanjwa,did:plc:332n3c4xnrzhhbyjhu7vpzjo,salsichinhas.bsky.social,Salsichinhas ,0,0,0,Assim hoje,2025-10-12T22:29:21.918Z,0,7,99,1,[],[],[],True,False,False,1,False,pt,popular_feed,0.0,0.0
at://did:plc:4z72hczfjzpurydmdgrtlr5o/app.bsky.feed.post/3m32iydmsl22n,bafyreiciv7ibnptmcynjj5lrlzha4myqeqm44adw2ofbsyrynzzhyxfbdi,did:plc:4z72hczfjzpurydmdgrtlr5o,monika123.bsky.social,,0,0,0,Dzie≈Ñ dobry lecimy z tym poniedzia≈Çkiem üê∂üôã‚òïüòÄ,2025-10-13T05:42:45.112Z,11,1,51,0,[],[],[],True,False,False,1,False,pl,popular_feed,,
at://did:plc:555c53zqgqs55yh6gvttf5uv/app.bsky.feed.post/3m2zotjvc6k2b,bafyreianhhlygwycrzsb42btbnyy6klhoylludqxakbd5iuzxyyt2pzxja,did:plc:555c53zqgqs55yh6gvttf5uv,banditelli.org,"Brett ""Solidarity 2025"" Banditelli",0,0,0,"In flight snowy plover sequence. First time I ever got this angle, super rare you can get below the bird, since they're ya know.. in the sand, but luckily they were on a sand... ridge? #birds",2025-10-12T21:54:46.609Z,4,34,238,1,"[""birds""]",[],[],True,False,False,1,False,en,popular_feed,4.0,6.0
at://did:plc:2fcmwst77fmtidu62kpdxncm/app.bsky.feed.post/3m33ccd5qa22p,bafyreidemx2lqff32di2zbt26ubhdsa4savc7vv7s67nemox27ywz6umgm,did:plc:2fcmwst77fmtidu62kpdxncm,paulsgundlach.bsky.social,Paul Gundlach,0,0,0,"Happy Monday! It‚Äôs a new week and we‚Äôre in the second of two days of some nasty weather, so here is the sky last Tuesday ten minutes before sunrise. Tap for full size. I hope you have a great day!",2025-10-13T13:15:43.725Z,4,14,159,1,[],[],[],True,False,False,1,False,en,popular_feed,4.0,1.0
at://did:plc:56bctgu46pthtomqspeujmvj/app.bsky.feed.post/3m33ebxlsok26,bafyreifn33mwpuu27tbytcive7pr2b4g4svnh76f7ijh5yll7k6ee3ynaq,did:plc:56bctgu46pthtomqspeujmvj,spectre7.org,Heavy Chase,0,0,0,Chinesische Reisbauern bei der Arbeit.,2025-10-13T13:51:19.098Z,0,2,25,0,[],[],[],True,False,False,1,False,de,popular_feed,,
at://did:plc:2ufp6rz3xoexzw7s3dgfnbbt/app.bsky.feed.post/3m335qxcj4c2r,bafyreicxv4og7trhvnhgetrwpv5kehalkifxqgqlicbbrytfu5ydivzbtm,did:plc:2ufp6rz3xoexzw7s3dgfnbbt,meninblazers.bsky.social,Men in Blazers Media Network,0,0,0,"The Faroe Islands locker room was quite rightly hyped after the territory of just 55,000 people stunned the Czech Republic 2-1 ü•≥

It‚Äôs their third straight World Cup win, arguably the biggest in their history, and leaves the Faroes one point off a World Cup play-off spot. Truly remarkable üá´üá¥",2025-10-13T11:54:25.915Z,3,6,109,3,[],[],[],False,True,False,0,False,en,popular_feed,3.0,1.0
at://did:plc:2vtislp2m2pmnlg26idrecfj/app.bsky.feed.post/3m2zws6yeyc27,bafyreicwfbfxk7f3ightd5pl4xyha45mes2yjwjh27bsfkg3tzzgjns2uy,did:plc:2vtislp2m2pmnlg26idrecfj,jimboknows.bsky.social,ALEJANDROKNOWS,0,0,0,THE FIRST PITCH GEORGE SPRINGER SEES IN THE ALCS HAS BEEN BLASTED TO KINGDOM COME,2025-10-13T00:17:11.598Z,0,2,13,0,[],[],[],False,False,False,0,False,en,popular_feed,,
at://did:plc:2itflyvmn7obcigpojsnfnd7/app.bsky.feed.post/3m2zwi7v76c27,bafyreiaoulk2jljglmijoxi6tfr7y44ozzt4p5kkfjg3p5por3twazrx7q,did:plc:2itflyvmn7obcigpojsnfnd7,hyperrific.nerdywoof.com,HyPerRifiC,0,0,0,Some light bedtime reading,2025-10-13T00:11:36.980Z,4,0,60,2,[],[],[],True,False,False,1,False,en,popular_feed,,
at://did:plc:2x5bs276hs2ibqgwzhnx2jae/app.bsky.feed.post/3m2zxd6xegc2b,bafyreihijl6zvb7yqw7sh2fedyndo6ag7g3mwq4keauf4pbbwbrr4juvpa,did:plc:2x5bs276hs2ibqgwzhnx2jae,slangsonsports.bsky.social,,0,0,0,"At 36 years and 23 days, George Springer is the second-oldest player in postseason history with a leadoff home run, younger than only:

2004 NLCS G7 Craig Biggio: 38y, 312d",2025-10-13T00:26:41.989Z,1,17,118,3,[],[],[],False,False,False,0,False,en,popular_feed,1.0,1.0
at://did:plc:2ngdwdgfm7sdtdplcx546zdd/app.bsky.feed.post/3m2zojqbtg22r,bafyreic4szzmv4a5355jl7xbroqylypconsdfg3nqdxnjs65dhp7kkmpyi,did:plc:2ngdwdgfm7sdtdplcx546zdd,kdanni.hu,Dani,0,0,0,"#Budapest District III. #suburbangaze
#hikingtrail #forestgaze #treescape
#crucifix #powerline
#photography",2025-10-12T21:49:17.417Z,2,7,164,0,"[""Budapest"", ""suburbangaze"", ""hikingtrail"", ""forestgaze"", ""treescape"", ""crucifix"", ""powerline"", ""photography""]",[],[],True,False,False,4,False,en,popular_feed,1.0,1.0
at://did:plc:5bb7klbqibxkrkaew5olaec6/app.bsky.feed.post/3m2zjhsewuc2e,bafyreihqwc4xvadk6lvfj5mg5hoi3y4epi27ghmpgrrjahxuy4zr6avznm,did:plc:5bb7klbqibxkrkaew5olaec6,monika09.bsky.social,ùôãùôûùô§ùô©ùôß & ùôàùô§ùô£ùôûùô†ùôñ üíôüíõ,0,0,0,"Je≈ºeli kto≈õ twierdzi ≈ºe to fotomonta≈º, to pragnƒô zauwa≈ºyƒá ≈ºe te zdjƒôcie powsta≈Ço w 2560 r. p.n.e. 
a Photoshop ma zaledwie oko≈Ço 40 lat.",2025-10-12T20:18:44.187Z,12,4,59,0,[],[],[],True,False,False,1,False,pl,popular_feed,,
at://did:plc:2sszfp45nicn7wblpksjnyfd/app.bsky.feed.post/3m2zkhv6fdk2w,bafyreicajlkkafktxjauocxyjsiw4xanvbag3ipcyilioz3l42goxgoxha,did:plc:2sszfp45nicn7wblpksjnyfd,tomduffinphotos.bsky.social,Tom Duffin Photographer,0,0,0,"There are not enough hours in days like today to get around the places you know will look glorious, so we went for a jaunt in the Pentlands ridiculously overdressed - us that is - although the same description could be applied to the trees.

#Edinburgh",2025-10-12T20:36:40.857Z,3,10,163,0,"[""Edinburgh""]",[],[],True,False,False,1,False,en,popular_feed,3.0,1.0
at://did:plc:2jvlkl6cmenepg3iiovc3ha5/app.bsky.feed.post/3m325xru3g22u,bafyreihjj2rlsx3yhzgqdgahbuc7m4lkusfq2u23fkeclpdvyizrmeti3q,did:plc:2jvlkl6cmenepg3iiovc3ha5,doctorjonpaul.blue,Dr. Jon Paul (They/Them/Tired),0,0,0,"Friend just told me that one of Allstora‚Äôs book clubs has picked my book for the month of October. 

I don‚Äôt know why this made me emotional, but it did. Thank you to EVERY. SINGLE. PERSON. Who continues to remind me how important work & story is.",2025-10-13T02:25:35.336Z,0,4,37,0,[],[],[],True,False,False,1,False,en,popular_feed,,
at://did:plc:2r2wzbhbrcnay64625z4ue6v/app.bsky.feed.post/3m2zlknfhfk2a,bafyreib4exdj4qs44jajktxkg3mmlp47n2ifykl5lzbss5bki5kiiupg6i,did:plc:2r2wzbhbrcnay64625z4ue6v,miya-ai-art.bsky.social,miya,0,0,0,#DaysAI #AIArt,2025-10-12T20:56:07.106Z,0,2,17,0,"[""DaysAI"", ""AIArt""]",[],[],True,False,False,1,False,en,popular_feed,,
at://did:plc:2ro3zgqhxjt7xmehjx4bhv2i/app.bsky.feed.post/3m2zheoaapk2l,bafyreihrvb35w6hedv6za7nuxaj2my2obna2eyplh22qh3vf4l5572ue4i,did:plc:2ro3zgqhxjt7xmehjx4bhv2i,dungeonlust.com,ùïØùñöùñìùñåùñäùñîùñìùñëùñöùñòùñô.Àö‚äπ.üéÉ‚ÇäÀöñ¶π‚ãÜ,0,0,0,Art by ‚Ä¢ Mark Riddick,2025-10-12T19:41:11.689Z,0,52,303,1,[],[],[],True,False,False,1,False,en,popular_feed,0.0,0.0
at://did:plc:324tq4vb6wrsyc4letwprrlu/app.bsky.feed.post/3m33cuctffc2k,bafyreihozbu3ylnl55qtcxyugeesgwhw472xiiro4qadszo7kypswjjkrq,did:plc:324tq4vb6wrsyc4letwprrlu,senators.bsky.social,Ottawa Senators,0,0,0,"There‚Äôs #Sens hockey happening here today ü•π

#GoSensGo",2025-10-13T13:25:47.372Z,0,0,23,0,"[""Sens"", ""GoSensGo""]",[],[],True,False,False,1,False,en,popular_feed,,
at://did:plc:33b7rab5bsvvizudqvdn7b76/app.bsky.feed.post/3m32n4dcpck2w,bafyreigm3otaqvycs7544luxaesip3miknsuayqe5juefubv64mrhephdq,did:plc:33b7rab5bsvvizudqvdn7b76,paulacheshire.bsky.social,Paula Cheshire üè≥Ô∏è‚Äçüåàüáµüá∏,0,0,0,"Bo d√≠a de mi parte y de Mei, que le encanta jugar con mi albornoz üòåüíô",2025-10-13T06:56:33.993Z,6,10,111,0,[],[],[],False,True,False,0,False,es,popular_feed,6.0,3.0
at://did:plc:m7ks2xhfuku7errrtfjux2lg/app.bsky.feed.post/3m2zignw5g72h,bafyreibj4cfijrupwu6f2qorsjbzkeoxk6msisnk73n6sqxjtzgi5qwrvy,did:plc:m7ks2xhfuku7errrtfjux2lg,cnbc.com,CNBC,0,0,0,"Due to his criminal record, Dawon Matthews struggled to find a job. Today, his five businesses bring in seven figures yearly, including his Houston food truck.",2025-10-12T20:00:12Z,2,3,19,1,[],[],[],False,False,True,0,False,,popular_feed,,
at://did:plc:2zgnhfakli33dnigjw5xrbz4/app.bsky.feed.post/3m32fwpu3fs2x,bafyreihajugxqkiycwnmtyy5y44qudi5mxrtcquegsplnvwfbaqkbc6nkq,did:plc:2zgnhfakli33dnigjw5xrbz4,planktontony.bsky.social,| Tony |,0,0,0,"Day 13. Drink

#inktober2025
#inktober
#ink
#art
#skull",2025-10-13T04:48:09.620Z,0,2,38,0,"[""inktober2025"", ""inktober"", ""ink"", ""art"", ""skull""]",[],[],True,False,False,1,False,en,popular_feed,,
at://did:plc:2sy4frb3462dc6j25cs77lqc/app.bsky.feed.post/3m32mv745o22a,bafyreiapv6my4k7bsvikkumkv2z6omouz5bcqoojcsdayngaenewlhcy4a,did:plc:2sy4frb3462dc6j25cs77lqc,afewfromtheforest.bsky.social,CC ‚ùáÔ∏è,0,0,0,"Crisp #autumn air üì∑üçÇüçÅüçÉ

#eastcoastkin #Pennsylvania #nature",2025-10-13T06:52:34.694Z,1,3,54,0,"[""autumn"", ""eastcoastkin"", ""Pennsylvania"", ""nature""]",[],[],True,False,False,1,False,en,popular_feed,,
at://did:plc:2vptxuojvyrt2wpj2lpdyfxx/app.bsky.feed.post/3m327wq4iv22d,bafyreig6mo2ryvei2blqao6aerfv2m3efo6l7xe75nfaeaa5mvjjn44smi,did:plc:2vptxuojvyrt2wpj2lpdyfxx,levostregc.bsky.social,Chaucer Doth Tweet,0,0,0,lostcoastoutpost.com/2025/oct/9/o...,2025-10-13T03:00:47.453Z,4,53,252,10,[],[],"[""https://lostcoastoutpost.com/2025/oct/9/one-year-after-klamath-dam-removal-theres-just-fis""]",False,False,True,0,False,en,popular_feed,4.0,1.0
at://did:plc:3437au7tj4cp5lc6z4qi2a5i/app.bsky.feed.post/3m2zhppzlw22y,bafyreicoddooz6fcscltesaligrfbjbijkdfnv7rctc4g7gthxih3t7kxq,did:plc:3437au7tj4cp5lc6z4qi2a5i,marcelcanoy.bsky.social,Marcel Canoy,0,0,0,Bontenbal wordt redelijk ingezeept door timmermans,2025-10-12T19:47:22.671Z,4,3,41,0,[],[],[],False,False,False,0,False,nl,popular_feed,,
at://did:plc:nl32untxngcg74dl3w7scd74/app.bsky.feed.post/3m2zr3mxaqy2r,bafyreiafyv43p5jwvtxugteluoyrqw4sb3uhxczxlochqpmbmrvivc2mje,did:plc:nl32untxngcg74dl3w7scd74,us.theguardian.com,Guardian US,0,0,0,"""As a writer, I have been rejected thousands of times, and it initially led to shock, denial and anger. Then I accepted it,"" writes essayist Bob Brody.",2025-10-12T22:35:05.514Z,1,10,23,0,[],[],[],False,False,True,0,False,,popular_feed,,
at://did:plc:34pjzzjk3jnya32pylrjmn57/app.bsky.feed.post/3m3266jai2k2l,bafyreihjsj4ktkze33ojs7nuibrfpzkckjchdnlm2sludxjhfhzfmyaiuu,did:plc:34pjzzjk3jnya32pylrjmn57,salvaterra.bsky.social,Fernando Salvaterra,0,0,0,"silly dragon pencil sketch

#sketch #monstrosilist #ttrpg",2025-10-13T02:29:21.189Z,0,3,31,1,"[""sketch"", ""monstrosilist"", ""ttrpg""]",[],[],True,False,False,1,False,en,popular_feed,,
at://did:plc:5gs67et3kwvhano5scungo26/app.bsky.feed.post/3m33bilys6k2d,bafyreiavo5h4zc2c4qgbztlkv6ebascozuqvlkiwcm5d7rqewux7h44jn4,did:plc:5gs67et3kwvhano5scungo26,jenteo.bsky.social,Jente Ottenburghs | Avian Hybrids,0,0,0,"Your daily Avian Hybrids story!

Intermediate color morphs of the Common Buzzard are most successful 
avianhybrids.wordpress.com/2020/12/14/i... 

#ornithology",2025-10-13T13:01:19.427Z,0,0,2,0,"[""ornithology""]",[],"[""https://avianhybrids.wordpress.com/2020/12/14/intermediate-color-morphs-of-the-common-buzzard-are-most-successful/""]",False,False,True,0,False,,popular_feed,,
at://did:plc:35lcoh3ksnus3vufcrlil27y/app.bsky.feed.post/3m2zoi3qjns2g,bafyreihmgalrd3luiav7tw4cseegynxaeuuq7p4y7n2r3skpd2oweibtga,did:plc:35lcoh3ksnus3vufcrlil27y,somartist.bsky.social,"Philipp ""Soma"" Urlich",0,0,0,Sunday evening with some painting fun.,2025-10-12T21:48:22.685Z,6,35,170,0,[],[],[],True,False,False,1,False,de,popular_feed,6.0,1.0
at://did:plc:2wzcyxdghw3npti2pxgtqljw/app.bsky.feed.post/3m2znna3ohc27,bafyreienwb3j4jl6anwtojkmy6fjv4sj2s2ilnqzmlgjcvs567xzbjizzq,did:plc:2wzcyxdghw3npti2pxgtqljw,mcvulcain.bsky.social,MC Vulcain,0,0,0,"Pour me changer les id√©es, je me suis balad√© dans l' #Aude et l' #H√©rault, √ßa vide la t√™te 
#Languedoc #Automne #Photo",2025-10-12T21:33:21.277Z,1,3,47,0,"[""Aude"", ""H\u00e9rault"", ""Languedoc"", ""Automne"", ""Photo""]",[],[],True,False,False,3,False,fr,popular_feed,,
at://did:plc:qobvnkudcv3zlaklxxjduqoi/app.bsky.feed.post/3m2zigv3hpk2r,bafyreifkqbqmp3kbhb52wpe4uoeai7ihskgfuhvxdoqahoi5kg7kshye2u,did:plc:qobvnkudcv3zlaklxxjduqoi,motherjones.com,Mother Jones,0,0,0,"""From this book, in particular, I hope people understand that the grieving process is lonely, but that nobody is alone in it.""

In her new book, Ashley M. Jones builds a monument for her late father, Alabama, and Black people in America.",2025-10-12T20:00:18.893Z,2,24,121,1,[],[],[],False,False,True,0,False,,popular_feed,2.0,1.0
at://did:plc:3cp25t7f3ow65x5vfrondiva/app.bsky.feed.post/3m33djmazo226,bafyreihw5shduv6uewanmcvrp4xwx3rysjmks2iqdpse67okchpgdvzv4q,did:plc:3cp25t7f3ow65x5vfrondiva,williambuchanan93.bsky.social,William Buchanan,0,0,0,A kitten to help you through those Monday blues üê±üíô,2025-10-13T13:37:41.899Z,5,0,68,0,[],[],[],True,False,False,1,False,en,popular_feed,6.0,2.0
at://did:plc:2lys2hvkfu2hqaf7xviuwv4x/app.bsky.feed.post/3m2zltf4jxs2a,bafyreiemgvs53dfhndzm3v6oqirz5byqhmyfwdm3bqtbkihzxmxkpxb6py,did:plc:2lys2hvkfu2hqaf7xviuwv4x,defundvicpd.bsky.social,Defund VicPD,0,0,0,"It‚Äôs Sunday in Victoria and that means‚Ä¶libraries are closed! Sure would be nice to visit the library on this rainy day, but there seems to be no money to open the library all weekend. 

Unless‚Ä¶ #DefundVicPD #yyj",2025-10-12T21:01:00.419Z,2,7,21,1,"[""DefundVicPD"", ""yyj""]",[],[],False,False,False,0,False,en,popular_feed,,
at://did:plc:3eatnvb2dim4l7fiwln5wow6/app.bsky.feed.post/3m2zzz7xsec23,bafyreie7rdq2ljoj3vurrpgv6chy7dwffcvncvtd75nbpqxafttgtv76t4,did:plc:3eatnvb2dim4l7fiwln5wow6,dailybunnies.bsky.social,daily bunnies üêá‚ú®,0,0,0,,2025-10-13T01:14:48.729Z,13,324,2000,11,[],[],[],True,False,False,1,False,en,popular_feed,12.0,2.0
at://did:plc:35k3djaq325jcumov3oynxfp/app.bsky.feed.post/3m32mg3pjl22p,bafyreicdxqgi3vz7blic3iy3jcros5an6ajpmj4emrwvvcf3hxrgdplyoa,did:plc:35k3djaq325jcumov3oynxfp,raecomm.bsky.social,Derek Rae,0,0,0,"The Monday Kicker front cover is ‚ÄúBetween The Worlds‚Äù
‚ÄúWhether with the national team or Liverpool: Florian Wirtz wants to & has to overcome opposition. The burden carrier in focus.‚Äù",2025-10-13T06:44:07.804Z,0,1,9,0,[],[],[],True,False,False,1,False,de,popular_feed,,
at://did:plc:2ocpvkq5gioh4kf7p57wjxyo/app.bsky.feed.post/3m32rn46ykc2u,bafyreigbdetjabtiwkd2kinkb5ga2gmy5vnegw2cy3oqhfvdi37gvjqwa4,did:plc:2ocpvkq5gioh4kf7p57wjxyo,bho.bsky.social,British History Online,0,0,0,"At Bristol Central Library:

Fugitives in the Archive

""Featuring original newspapers, maps, and memoirs by c18th & c19th Black writers, this exhibition assembles the possible lives of these runaways before their bid for freedom.""

bristol.events.mylibrary.digital/event?id=242...

#History",2025-10-13T08:17:31.924Z,0,16,26,0,"[""History""]",[],"[""https://bristol.events.mylibrary.digital/event?id=242947""]",False,False,True,0,False,en,popular_feed,,
at://did:plc:362bnfss2ijxhjzryicwgk3y/app.bsky.feed.post/3m2zvgjovwk2o,bafyreiedbagmwzbedxgk3hey3do3xakmwd7kffxo7l7humnrrxjqt4oukm,did:plc:362bnfss2ijxhjzryicwgk3y,rukis.bsky.social,Rukis,0,0,0,"The cold air and intent in this image always rang a bit spooky to me, so why not an image for spooky month?
Interior Illustration from 'Kindred - North'
(Book - furplanet.com/shop/search.... )",2025-10-12T23:52:46.424Z,4,36,228,0,[],[],"[""https://furplanet.com/shop/search.aspx?search=kindred""]",True,False,False,1,False,en,popular_feed,4.0,1.0
at://did:plc:2yphpchippttlu5kjlfclrgz/app.bsky.feed.post/3m32qydvl652s,bafyreieykepzw47gsoxv7dnj7vmxebpztvwcssrb2ccgkrr5vfb4nkjp64,did:plc:2yphpchippttlu5kjlfclrgz,averagesphotos.bsky.social,Smartphone Photographer,0,0,0,Mountain Lake Sparkles. #ireland #irishlandscape #mountainlake #glitteringwater #autumnvibes #heather #rockyterrain #naturelovers #outdooradventures #wicklowmountains #landscapephotography #smartphonephotography #photography,2025-10-13T08:05:55.815Z,0,1,21,0,"[""ireland"", ""irishlandscape"", ""mountainlake"", ""glitteringwater"", ""autumnvibes"", ""heather"", ""rockyterrain"", ""naturelovers"", ""outdooradventures"", ""wicklowmountains"", ""landscapephotography"", ""smartphonephotography"", ""photography""]",[],[],True,False,False,1,False,en,popular_feed,,
at://did:plc:36wh4tsbew4py4wpyre4zwac/app.bsky.feed.post/3m2zuaxzwss2a,bafyreiekumhhhrsxyykmlkq4bg3ggp4hbw3s25zyld7y544btlh2wh3r6e,did:plc:36wh4tsbew4py4wpyre4zwac,mindyleedoodles.bsky.social,"Mindy Lee Fanexpo Boston, DragonCon, RCCC",0,0,0,Matcha sketch break.,2025-10-12T23:31:46.384Z,2,28,331,0,[],[],[],True,False,False,1,False,en,popular_feed,1.0,1.0
at://did:plc:5nu6oulxrvx4rewjbiguci4d/app.bsky.feed.post/3m32iz3qzj22p,bafyreiccx3yk6qm2nnwaxzgkitxcmqkrrlfsro3q64nknfhjafdvs6pksu,did:plc:5nu6oulxrvx4rewjbiguci4d,ceraunavolta07.bsky.social,C'era una volta,0,0,0,"""Wychodzƒô sobie w koszuli
I na bosaka na ganek
I, pasek ≈õciƒÖgajƒÖc na spodniach,
Patrzƒô, jak wstaje poranek.
Jak siƒô z s≈Çonecznej kƒÖpieli
Wychyla po cichu, powoli,
Jak bryzga mi w oko iskrami,
≈ªe a≈º mnie oko boli.""
~Jan Kasprowicz, Poranek

Dzie≈Ñ dobryüôÇ‚òïüçÅ‚òÄÔ∏è
Przyjemnego poniedzia≈ÇkuüçÄü¶ãüçÄüé∂",2025-10-13T05:43:10.430Z,3,1,21,0,[],[],[],True,False,False,1,False,pl,popular_feed,,
at://did:plc:3gqkri4pwzoa7v2sztumugka/app.bsky.feed.post/3m2zzt37pqs2x,bafyreiha3utrl27rtzjzv5cuddizwaxrbyei7fvpwzk5w6qixq62o7aii4,did:plc:3gqkri4pwzoa7v2sztumugka,crytzerfry.bsky.social,Melissa Crytzer Fry,0,0,0,"This was rather fantastic today! Our wash was a'flowin' and our driveway a'disappearin'.  üòÜ #ArizonaWeather 1.18"" and more to come, I think!",2025-10-13T01:11:22.424Z,9,3,68,0,"[""ArizonaWeather""]",[],[],False,True,False,0,False,en,popular_feed,9.0,4.0
at://did:plc:5u2fa6bwscjou3rw3itsh62j/app.bsky.feed.post/3m32o5ezd422v,bafyreifwjcbhlijz7d44dshfwiltiwtzqeoagyjyno3rmxgeaqrsfwxnpu,did:plc:5u2fa6bwscjou3rw3itsh62j,foreverlouiseb1.bsky.social,Forever Louise Brooks,0,0,0,"Dancer Jeanne de Lande by Wilhelm Willinger, Vienna mid-1920‚Äôs.",2025-10-13T07:15:03.068Z,1,0,27,0,[],[],[],True,False,False,1,False,en,popular_feed,,
at://did:plc:3bztmbvb5umlrs5nxvry4eea/app.bsky.feed.post/3m2zmhtkpf222,bafyreibformz6snizo7xym557mmuevrpqnznh2fj4vheuuy25abwqxq5ba,did:plc:3bztmbvb5umlrs5nxvry4eea,archer1987.bsky.social,Archer,0,0,0,"This was certainly an undertaking but I could be happier! First time drawing these two and, boy, I sure chose one of the most detailed outfits to use as references. It certainly puts the work of the artists who came up with their designs into perspective üòÆ‚Äçüí®

#art #fireemblem #fireemblemheroes #fanart",2025-10-12T21:12:26.636Z,4,24,65,0,"[""art"", ""fireemblem"", ""fireemblemheroes"", ""fanart""]",[],[],True,False,False,1,False,en,popular_feed,,
at://did:plc:3hc2koi3insgd6izhggv7frw/app.bsky.feed.post/3m2zopg6dbk2l,bafyreidfsvvjzx6ds3djgehkzzzm4yjxrgujropcvxerfexgp6al2jmalm,did:plc:3hc2koi3insgd6izhggv7frw,thedeerwhisperer.bsky.social,ü¶å The Deer Whisperer ü¶å,0,0,0,"After a cool, overcast morning, it's turning out to be a pretty day here in Western Washington!",2025-10-12T21:52:28.514Z,3,3,77,0,[],[],[],True,False,False,1,False,en,popular_feed,3.0,4.0
at://did:plc:377szmobv24dravpuuu5ihem/app.bsky.feed.post/3m2zxxuatg22s,bafyreihi6kr25rx44go45w6ozls72v2a5dwaie3wo5mdmsef2ur6nhthbu,did:plc:377szmobv24dravpuuu5ihem,nickbaumgardner.bsky.social,Nick Baumgardner,0,0,0,Lions took 10 minutes off the clock for a field goal ... Jim Harbaugh tribute drive,2025-10-13T00:38:15.409Z,5,6,119,0,[],[],[],False,False,False,0,False,en,popular_feed,5.0,1.0
at://did:plc:3fsxpb2lh5iq5xeaallmrlkd/app.bsky.feed.post/3m2zq5b5c3c2p,bafyreib2vhvd3jwv4ffxxq42onbqrf4dvz73rsosqb5szxepg6vknyrkaa,did:plc:3fsxpb2lh5iq5xeaallmrlkd,radareyda.bsky.social,Radareyda,0,0,0,"Pumpkin Quilt, 
Watercolor, ink, quick sketch.
#abstract #quicksketch #watercolor #squiggles #ink #quiltpattern #funfastart #ArtShow #EastCoastKin #illustration #illustrator #autumn #Halloween #traditionalart",2025-10-12T22:18:06.758Z,0,0,21,0,"[""abstract"", ""quicksketch"", ""watercolor"", ""squiggles"", ""ink"", ""quiltpattern"", ""funfastart"", ""ArtShow"", ""EastCoastKin"", ""illustration"", ""illustrator"", ""autumn"", ""Halloween"", ""traditionalart""]",[],[],True,False,False,1,False,en,popular_feed,,
at://did:plc:3bnyvfoyzyycsy5scndvseks/app.bsky.feed.post/3m2zicijprq22,bafyreif5torrnknkylogl5kgmasj5zjpxvlfwfrtqddqbffrdezajjc6ja,did:plc:3bnyvfoyzyycsy5scndvseks,bluejaysbot.bsky.social,Toronto Blue Jays (Bot),0,0,0,"Trey Ball üò§

Yesavage will start Game Two! #WANTITALL",2025-10-12T19:50:33.000Z,0,4,19,0,"[""WANTITALL""]",[],[],True,False,False,1,False,,popular_feed,,
at://did:plc:3cj3rk6tdj6shmq3vlyvgd7s/app.bsky.feed.post/3m2zwt5y2f22z,bafyreihoyl4tpctdqjapcmbedhtqjzlm6dcl26ciycn6dgw6qmfyrgqwx4,did:plc:3cj3rk6tdj6shmq3vlyvgd7s,sanjaromin.bsky.social,Jason M (same name on X) (here since the beta!),0,0,0,"Springer, known #Mariners hater",2025-10-13T00:17:44.092Z,0,0,5,0,"[""Mariners""]",[],[],False,False,False,0,False,en,popular_feed,,
at://did:plc:63nmxg6b6tjgxc7lbjui3tzy/app.bsky.feed.post/3m333ocg5w22b,bafyreigm2wx4hthdtswtc3yjysyb2h7rncjkva7ixq4itsivdiat6vvrgu,did:plc:63nmxg6b6tjgxc7lbjui3tzy,alala55.bsky.social,Kepano Kolohe,0,0,0,,2025-10-13T11:17:09.421Z,0,7,35,0,[],[],[],True,False,False,1,False,en,popular_feed,,
